,item,condition,top_rated,reviews,watchers_or_sold,buy_now_extention,delivery,bids
0,"{'title': 'Shop on eBay', 'link': 'https://ebay.com/itm/123456?hash=item28caef0a3a:g:E3kAAOSwlGJiMikD&amdata=enc%3AAQAHAAAAsJoWXGf0hxNZspTmhb8%2FTJCCurAWCHuXJ2Xi3S9cwXL6BX04zSEiVaDMCvsUbApftgXEAHGJU1ZGugZO%2FnW1U7Gb6vgoL%2BmXlqCbLkwoZfF3AUAK8YvJ5B4%2BnhFA7ID4dxpYs4jjExEnN5SR2g1mQe7QtLkmGt%2FZ%2FbH2W62cXPuKbf550ExbnBPO2QJyZTXYCuw5KVkMdFMDuoB4p3FwJKcSPzez5kyQyVjyiIq6PB2q%7Ctkp%3ABlBMULq7kqyXYA', 'price': '$20.00'}",Brand New,False,,,,"{'shipping': None, 'location': None}","{'count': None, 'time_left': None}"
1,"{'title': 'Dell E2216H 22"" Widescreen LCD Monitor 16:9 Full HD 1080p VGA DISPLAY PORT', 'link': 'https://www.ebay.com/itm/234575532528?epid=2254402559&hash=item369dca91f0:g:7~YAAOSwvJpil49h&amdata=enc%3AAQAHAAAAwKmYPVxCrjvxsgf%2F7wIov%2Bqw60%2F0VrP3rKf79THQXcmkSZDmqHIFoh%2FO9mXqMAkW5p2qSnrZ0wV071KIK9YVTzz3%2FRm82pIK7to3k22LQKEgOfJiIDcVylANeNhu%2B0SB3Cxp87jz0HDAKW%2FUWAr6OBX0IOO73gmUoW7GK3k6gmuTixIyFAE4m0ercNPJQ%2BXUzTAEGF%2F9%2FJ75hP4gsQNJ9HwUFt0XQI1%2FqgPdLlKm59sXz99tir1lN8qBntpwz5weQA%3D%3D%7Ctkp%3ABlBMULLmr8_wYA', 'price': '$72.59'}",Refurbished,False,16,,Buy It Now,"{'shipping': None, 'location': None}","{'count': None, 'time_left': None}"
2,"{'title': 'ViewSonic Curved Gaming Monitor VX2718-PC-MHD 27"" 1080p 165Hz 1ms w/ Adaptive', 'link': 'https://www.ebay.com/itm/394207643242?epid=17040290647&hash=item5bc89b466a:g:D3AAAOSwnIxibEXl&amdata=enc%3AAQAHAAAAwJWXe0NtKWB8qcDUMjwCtWDeW7wfiLaA94GHja%2FMGQ4esVGcCr8nzRhVeruC6Ty7Bq5eRA9KCKlAGITIF7Wa6KLNKEdQLjQ%2BB2Ff3IBNqxiEqTonGBClDqKB7YDqofTklx9EXJ4wYgye7Rt81Ser8F8yqgMcWR4LLs9gJ%2BrSE5NyAyFgd%2Bu4zyl8biOz4PIz8vftLr8pbqMniSHliAasqHI0%2FYVo1vrJpPmfOE4Os1%2BTIzr31trFevMdaEhajX4LKw%3D%3D%7Ctkp%3ABlBMULLmr8_wYA', 'price': '$179.99'}",Brand New,False,,,Buy It Now,"{'shipping': None, 'location': None}","{'count': None, 'time_left': None}"
3,"{'title': 'Dell UltraSharp 49"" QHD 5120x1440 32:9 Curved Monitor + Extended Warranty Bundle', 'link': 'https://www.ebay.com/itm/334374369817?epid=13026509916&hash=item4dda43fa19:g:imkAAOSwcGpiORu9&amdata=enc%3AAQAHAAAAwPym3h7ezc7KWGOXjDlO8VttPu5Rr4IFWrAYdC7zLr2Yeh8byS7zCf4lHLwCMPLwGvDUX6rcLKE209E7bzy%2FJNXKBx5oopNhFtAEdLXkJumvTw0HMJ3PN63Mw6sBCyfGeMKAlHs8Pwt%2BZvXjzLfmpuq2BJpb5ITUG99J7irvYsq98TZMKiu7RKasvaSzyA07v%2FhoWGrM3sHslQzdlgdV09VgWHvlmmGKz1FCfoa288Oo00dYSWmEqKQZN7JtFLXkSg%3D%3D%7Ctkp%3ABlBMULLmr8_wYA', 'price': '$1,699.99'}",Brand New,False,3,,Buy It Now,"{'shipping': None, 'location': None}","{'count': None, 'time_left': None}"
4,"{'title': 'Dell UltraSharp 17"" Monitor Desktop Computer PC LCD / Grade A - Lot(s) available', 'link': 'https://www.ebay.com/itm/284177706199?epid=7044587856&hash=item422a4facd7:g:1MsAAOSwHWtbxeHp&amdata=enc%3AAQAHAAAA4C%2BJlsJLDE4cbTTmJB0QCKrYcke3WvEC7B4h8C4W3FaPUgVcjDYlJVGL0686kuuCR2RFBipLzOmwrKFjBXCIcHVg2cqygjcVdR2bcVUq4X3O1FnIUYWmxadztmXQX1nRnoH2oo938eKrgsqSzIQHI%2FF9k4NSnARfUVFbx%2BHXbOxFlDfMy9jLu4GhPrQiNt%2Bpy8YdtXKfroZOmsniET8kpqpc2939yck9XacsLudJy4XOzN983TcjFw%2BJu3N9m1eYZHo24AP5dfEvkvtaksyoU9fkd%2FGQtAaxKHTGTH7bTx1h%7Ctkp%3ABFBMsuavz_Bg', 'price': '$29.99'}",Refurbished,False,23,,or Best Offer,"{'shipping': None, 'location': None}","{'count': None, 'time_left': None}"
5,"{'title': 'Grade B Scratched LCD Panel Dell P2319H 23"" Full HD LED IPS Monitor HDMI DP VGA', 'link': 'https://www.ebay.com/itm/234707261877?hash=item36a5a499b5:g:BuwAAOSw-e5iZGbv&amdata=enc%3AAQAHAAAA4Cild8dcfstKOWsNy33NejDlxZkETlxmh%2Fam1iaICMPdXGP0pS%2FZlIAsG3SAgjdAJXzOYQvei0AiexzM12oBzpZhMwetqAqI4Yq91%2FmX3%2FZzSA2mXOe3m6kEIjA30i1c2r8OhTF3o6UUfIGrrs3YUiklei2resQpxss3gt59qxj5aeN3xQliVRDGjq5%2BYhJPtoXXlpmuZClPAlIPIbzuVcUVYu7hceh%2B%2Be%2FP0zzpF7VY7y6Yk0%2BJOPjvO%2BBbg3rT%2BjEQ%2BFM8LLdSzXIRFY4Ddqh2d1ghqkbOgRIqtqf1FlLw%7Ctkp%3ABk9SR7Lmr8_wYA', 'price': '$69.99'}",Refurbished,False,,$10 off $250+ with coupon,Buy It Now,"{'shipping': None, 'location': None}","{'count': None, 'time_left': None}"
6,"{'title': 'Dell 32"" 1080p FHD LED Curved Monitor 75hz 8ms FreeSync S3222HN', 'link': 'https://www.ebay.com/itm/134206630566?epid=9050796548&hash=item1f3f56aaa6:g:Hb0AAOSw~NRjAtHe&amdata=enc%3AAQAHAAAAoCF76S3T%2F5cQ19wSuq9Hnb%2Bl8VhQ84Mxh5WLoi%2BcSv2vlewhJ7NcA4G0QIk9sQJU8o4et899kJ4K0DY%2BGY64dKiW7%2BsWLYlN4jqL%2BKV9cmdvJvX5nXNNLoQuWGo0wvmZmwgK3ZRN%2BQBw26efKm2gNbMUJk443yiU9T80OVpd6myqPRrD5ezAL%2BqoGC2RnyUBVrQyO%2BDqF%2FmS%2BbwuP5F1Mr4%3D%7Ctkp%3ABk9SR7Lmr8_wYA', 'price': '$149.99'}",Open Box,False,,,Buy It Now,"{'shipping': None, 'location': None}","{'count': None, 'time_left': None}"
7,"{'title': 'LOT 2x DELL P2219H 22inch FHD Monitors 1080P IPS w/Dual Stand +DP HDMI (Renewed)', 'link': 'https://www.ebay.com/itm/363965303016?epid=21031090139&hash=item54be05c8e8:g:mG0AAOSwCWxjD5MT&amdata=enc%3AAQAHAAAA4N3FZJn5Uaz0UY4zmPd%2BLCO4rJiIRd8qf2icKamgSqUVaIQunb%2FsAeuXZUsSYXtVnYrHEPC8EafEqLAbruNQfp3s%2FRd1EDEbj%2Bq%2F9LfH%2BoeFVco8ySY163uSSGmFB2IvfHrowVD%2FSfReiENIa4WnIuiIg1iXQdR5TKEYyMsJFgv9JgZNQFA2PgjmnxDyWJ2%2F5Q1AuJiEfgOv0oUneR3BT7UkYgm3sqE3XOQhVmuCvVE0TuihYZArnt8tLST3XAL1q22%2FuGyxv7%2BteNyVIl7UjPVGV6AiUpIEFePtA5ik8pNM%7Ctkp%3ABk9SR7Lmr8_wYA', 'price': '$145.99'}",Refurbished,False,22,,or Best Offer,"{'shipping': None, 'location': None}","{'count': None, 'time_left': None}"
8,"{'title': 'Dell 34"" Curved Video Conferencing Monitor - C3422WE', 'link': 'https://www.ebay.com/itm/165677910905?epid=12047749271&hash=item26932c4b79:g:UR8AAOSwRpdjI3L6', 'price': '$484.99'}",Certified - Refurbished,False,,,,"{'shipping': 'Free shipping', 'location': None}","{'count': None, 'time_left': None}"
9,"{'title': 'Dell UltraSharp U3421WE 34.1"" 21:9 Curved WQHD IPS Monitor', 'link': 'https://www.ebay.com/itm/165656749857?hash=item2691e96721:g:fwsAAOSwadVjG2FV', 'price': '$594.99'}",Certified - Refurbished,False,,,,"{'shipping': 'Free shipping', 'location': None}","{'count': None, 'time_left': None}"
10,"{'title': 'Dell P3222QE 32"" 4K IPS Technology Monitor - Black', 'link': 'https://www.ebay.com/itm/165656749837?hash=item2691e9670d:g:EhYAAOSwVg9jG2Qs', 'price': '$599.99'}",Certified - Refurbished,False,,,,"{'shipping': 'Free shipping', 'location': None}","{'count': None, 'time_left': None}"
11,"{'title': 'Dell Professional P2311H 23"" FHD 1920x1080 Backlit LED LCD Monitor', 'link': 'https://www.ebay.com/itm/165666129220?hash=item2692788544:g:1-QAAOSwFDhjIzwt', 'price': '$129.99'}",Certified - Refurbished,False,,,,"{'shipping': 'Free shipping', 'location': None}","{'count': None, 'time_left': None}"
12,"{'title': 'DELL U2415B LED Ultra Sharp 24"" Widescreen LCD Monitor', 'link': 'https://www.ebay.com/itm/354217399571?epid=6023069899&hash=item5279009513:g:ad8AAOSwXURi9E-F&amdata=enc%3AAQAHAAAAoE7BdohVk2Nm9tx9Od7zzEEoQPfYTBooKNNBzXbGkEMhz8ccMPmJtGbSQH%2B1AFxBUDDCACiiI7zdFuWH8o2jZSFLrewMm5UXqoOSqg1M3Yi7K3RwGlFl9SDLP3IOX5jbdrodedLCUOGs0XFJSHiLM%2F8B3sMvS0Lljd5gCPHAhB02ENLv6015Ui3CgUNV01VcnTyX%2F1wRWyuZ656xWHyiWMI%3D%7Ctkp%3ABk9SR7Lmr8_wYA', 'price': '$105.00'}",Pre-Owned,False,59,,or Best Offer,"{'shipping': '+$48.00 shipping', 'location': None}","{'count': None, 'time_left': None}"
13,"{'title': 'Dell UltraSharp Desktop Computer Monitor 19"" PC LCD (Grade B) - Lot(s) available', 'link': 'https://www.ebay.com/itm/254588870037?hash=item3b46addd95:g:1E8AAOSwQHVfoGRL&amdata=enc%3AAQAHAAAA4NPdoPL5y6uEsCLr%2FZJUB0of0WmerQneJubzoxBFFUrIYXCEAj%2FCrVKAz85XTAmPts2SOGTIWUEfA%2FixuSfyWuKi%2F8uZ%2Fp0wXHW0FSrc3oMfqC62FUbDB97KkcUAZgSTa1HoAoLtCmod7Pb6N9VT84Pl8xThOd%2BGouJWv%2FfkusDtNQWnR4PkKoRJLDvoNl2BLMDB7TJM%2FCNwnr00dbw0zuTf6wQz6VbE9yZUYqxaL3eQ%2B9%2BfjY%2FbD9lFkHrcTQ4ikhx2ztNtBnuBdIyO5YsXVljPfWPgALTvspVVIeDb9O4v%7Ctkp%3ABk9SR7Lmr8_wYA', 'price': '$32.99'}",Refurbished,False,,Save up to 10% when you buy more,or Best Offer,"{'shipping': None, 'location': None}","{'count': None, 'time_left': None}"
14,"{'title': 'Dell UltraSharp 22 inch LCD Monitor with Power cable and  VGA cable', 'link': 'https://www.ebay.com/itm/332852436920?epid=108867251&hash=item4d7f8d1fb8:g:cvYAAOSwOIlb0NGY&amdata=enc%3AAQAHAAAA4C3OW3ErwU76O17mxRVoZLuEEaOg%2F1oqqzTeW7%2FGXFzsOMe7UQqWRisHp9QoJgiUJq6xD0YnQoBRG1q9fVtqcRbht2hKgKCKqojSzUrBCGSUsNmblPfj8Bdo85oItkaXy7LWNPUYqZ71rICxgN4yReRaUEuetNW5htWlMY2HQ4SHbse4I0hBQrzA57E7PThCjI7aIIothtkOeBqo%2FcDfD3Mj%2B3grbypixBVmBlIW22uAjpS3fvtN3m3mRpHIKPNtqha91ptzxl4AFAoC70ugdKLXqGDnA9CKqQ5qeEwB0ru6%7Ctkp%3ABk9SR7Tmr8_wYA', 'price': '$76.49'}",Refurbished,False,216,$10 off $250+ with coupon,Buy It Now,"{'shipping': None, 'location': None}","{'count': None, 'time_left': None}"
15,"{'title': 'Dell UltraSharp 19"" Monitor Desktop Computer PC LCD (Grade B) - Lot(s) available', 'link': 'https://www.ebay.com/itm/283488149568?hash=item420135e040:g:1MsAAOSwHWtbxeHp&amdata=enc%3AAQAHAAAA4Ag%2BQ4t4v%2BXKa1xYriDfB7x68%2FfHXFYtUVohpTh2kHzlulN%2FHiwurX5ZZ1gTP8BhtZ8adTGjFs%2FGEeajk4p%2FOcu%2BR4%2FzQ2Kz9pghWZbOq0OYMK0l0bRnfuMLc5szktLg6O23togKvkGqhKrPcBQOjJ8F7h6snu%2BPkljU634o5%2FfID9qo4bRXkdeSZrz3MO67CJsqcR3sd6xEk%2BdN8Cl%2BxwaPYK1IH6NVg5e4vPQshZtOlB3Nf7vIJrfE8EUh2mP2nynobaowodXrEhxwQNYZpDtB0m%2FL2Dc1FPQt0nVLMhxb%7Ctkp%3ABk9SR7Tmr8_wYA', 'price': '$32.99'}",Refurbished,False,,Save up to 10% when you buy more,or Best Offer,"{'shipping': None, 'location': None}","{'count': None, 'time_left': None}"
16,"{'title': 'DELL PROFESSIONAL 23"" SCREEN LED-LIT MONITOR | P2317H | BLACK | NO STAND', 'link': 'https://www.ebay.com/itm/204099727589?hash=item2f854ab0e5:g:Wp4AAOSwK6djLJTp&amdata=enc%3AAQAHAAAAoPE9AEbos2jUczFdmc7g5M7%2Ffl%2FfGuHoXq5vwl5ddhwO8l6G7htQgHOFwvMbnFDhWSjNOV27ztj%2Bp1qUaXJCS321cBSq%2Bi6PvmYRFYrgRLAHMmAI12m0RnP7kHSzqAk5qf2PU20JQL3LKz3fyqKgL%2FER9UQANEHDeZigcd4RtygmC%2FeDzpbu8I6LVkA6paMMnbkz6gh0F5K5AL3Lhg4mhhc%3D%7Ctkp%3ABk9SR7Tmr8_wYA', 'price': '$49.99'}",Pre-Owned,False,,,or Best Offer,"{'shipping': None, 'location': None}","{'count': None, 'time_left': None}"
17,"{'title': 'New ListingDell UltraSharp 34"" Curved USB-C Monitor U3419W', 'link': 'https://www.ebay.com/itm/204104257605?hash=item2f858fd045:g:4JwAAOSw945jM2yO&amdata=enc%3AAQAHAAAAoHgLrSgLQdHdkyanTwTRHB%2F%2Btdht8pmeY1d4ScdA9p5ntZAivnSTqXMGEQdlhyKvF2oS%2FZoO%2BGYhKUDdGw6TCQSbOHA9q%2FlXQX3V2CHJu5XLS9yISAisA0I2MnZFWAeOvFzh3vLrE8RX4235e1cNdut6QLRu8K7c%2F6JhlXOZj0j3Pb7CM9L60R%2BJpvpVrEpx9patxSewEWK8GLy9CRJsaX4%3D%7Ctkp%3ABk9SR7Tmr8_wYA', 'price': '$72.00'}",Pre-Owned,False,,,,"{'shipping': '+$106.88 shipping', 'location': None}","{'count': '12 bids · ', 'time_left': '6d 4h left'}"
18,"{'title': 'Dell UltraSharp 22"" Monitor Desktop Computer PC LCD (Grade B) - Lot(s) available', 'link': 'https://www.ebay.com/itm/264501165871?hash=item3d957f7f2f:g:NJAAAOSwhe9dp5TG&amdata=enc%3AAQAHAAAA4PnQ3DxNvel%2BlaQjkkx7XTagndl17xilGldouOiPTpn07jADZiSJDrQT9eEZ1lmT45YSFy8FLxXR7IbpflBe8fCyPxwsvC9PT7FxNQZAD%2FpMqyYbEcPB3PRipj2yD6CN5vRdn7EpBsQjrgoDiRESviw2J683Zqz2K1eQVkom1ly4GnXnXj5Q1xzyViIGFzmhCyELENVgGVDKovj1ieNtCaNLI40cZs49q%2BJHswwrMy039f6UzJ3ZhFxscvcXh4YUI7DrYBc4XRzE955XlAnnXimNyzeJeCSYp1OVy%2BtDksrv%7Ctkp%3ABFBMtOavz_Bg', 'price': '$52.99'}",Refurbished,False,,Save up to 10% when you buy more,or Best Offer,"{'shipping': None, 'location': None}","{'count': None, 'time_left': None}"
19,"{'title': 'Dell UltraSharp 17"" Monitor Desktop Computer PC LCD (Grade B) - Lot(s) available', 'link': 'https://www.ebay.com/itm/283448484305?hash=item41fed8a1d1:g:1MsAAOSwHWtbxeHp&amdata=enc%3AAQAHAAAA4CnmpvRGL5QfdSplNjxM%2BlBkjL9zIa5JKIE%2FGHd5Q0A2T0Ku8hViJ7tV4CqVGGZGS0egXhe7hPTRSQMoMAcdGIwHiGHaTPLYYmoTX2ClPPDIJTgJ9QhXB3Ds0FGT8CKPG3RXzDUAGGQ3zXKOaFhfvKFjravXlfk82e8Tfu3Nj1NYzxiOu6HDFlsgCMPlZpDaaHHd4jsmFf%2BLvVf5sU%2FiBMnu4lfA3nOKprFVaHXhs3h1cNjM9XLxmkhZg6OfJZ%2FdCWHS6KJiZDqK0Um%2B1WDxWbcNfTqKt5oOaeMaw4tOzvLo%7Ctkp%3ABFBMtOavz_Bg', 'price': '$24.99'}",Refurbished,False,,Save up to 10% when you buy more,or Best Offer,"{'shipping': None, 'location': None}","{'count': None, 'time_left': None}"
20,"{'title': 'Any Brand 22"" Monitor Desktop Computer PC LCD (Grade B) - Lot(s) available', 'link': 'https://www.ebay.com/itm/254391831963?hash=item3b3aef4d9b:g:C9cAAOSwzY1evXMk&amdata=enc%3AAQAHAAAA4CTNjh5T41ZPhna51dDkMvwRfeB%2FbODXOFghfUAgYBy1OqeCd8RtcKe%2BIOa7tC%2FyTyFc1ZJnuTqf5taleuSEc9H5yRuIrw8DWPn%2FnJYguwWWB3M52iPIvDe2qMqcinlYhir5WND7m4vQ0ORCVUUeVeXc2zcVTIvFzHSHRpau%2BCUqoULWZlE%2FxbVnBAjTivqDdWgM%2FoWJ1L61o1GY2hkJ47qOMuodokNsvqjw9%2FjTJyOZXJ4pGm31LKYV17r2K%2FQyNAIKsgmHkRBGRv%2Fa30Vyr3syeXrY1c3xPJbokeYVhkb5%7Ctkp%3ABFBMtOavz_Bg', 'price': '$42.99'}",Refurbished,False,,Save up to 6% when you buy more,or Best Offer,"{'shipping': None, 'location': None}","{'count': None, 'time_left': None}"
21,"{'title': 'Dell UltraSharp U2412MB 24"" TFT LCD Monitor - Black', 'link': 'https://www.ebay.com/itm/175397256934?hash=item28d67dbee6:g:a8UAAOSw5JZjCpo~&amdata=enc%3AAQAHAAAA4Gz4Et%2FTIvK5B5Qn65CdVP%2BNYPo1rK9m%2FmejBqWZRfwFHH8Ku580wy49%2BLA%2BXM7vmVdz9JbERWLQyXoBuU6zS10TMySJ6KQCgVtKbYK%2F7lULchnEJ2zstP7Yj0etdpq3eNU0g4BVEXQ0dKnsYWSZnUqLIifUK8Dpk0Lo54xwoQgdxtp%2BLQKaRH4oiOKQj4kMGE1N0DqCT4y%2FCSySxY6K5dYPd%2Fy9phOs6h4TF2LJH9k9NMZE6WEkoXAqc5IoL1%2BirlOyBwycQGXbnQK9MWvOUdxEnvzUgFSk0tYc0uTwYMb1%7Ctkp%3ABk9SR7Tmr8_wYA', 'price': '$45.00'}",Pre-Owned,False,,Save up to 5% when you buy more,Buy It Now,"{'shipping': '+$19.99 shipping', 'location': None}","{'count': None, 'time_left': None}"
22,"{'title': 'Dell UltraSharp HD 22 inch HDMI LCD Monitor Desktop Computer PC With cables', 'link': 'https://www.ebay.com/itm/284333183178?hash=item42339410ca:g:heUAAOSwPkFgx9da&amdata=enc%3AAQAHAAAA4FqQ6JyNUqvUeKUz2YnmGmBZlcd8oB29tL99m5DJDEAiNETQEaM9Ohg7m4CY4tXkoi5IFMR8wlROymIlS%2B5ESfSiYfsXzptfmPRO9LSkK4VXMAuWko6JMrtomRAzmINcrmesS0lCKyY9iRL7A%2BkI9eF726gzxrx9PlVRqTP3oCYKyU5yNKDndmjI4y1ZQTH7dEm3QiilxZieMiKrSm7NUmoWeu5NTo1H36De4wAIu6pjyKe%2FR2x%2FhWi1Vs2dPl53E5jbejxFuHyfLKSdfJgqOMKDb8VhFRWTBf%2B1%2FW7xw82J%7Ctkp%3ABk9SR7Tmr8_wYA', 'price': '$68.99'}",Refurbished,False,,,Buy It Now,"{'shipping': None, 'location': None}","{'count': None, 'time_left': None}"
23,"{'title': 'Dell Professional P2213 22"" Widescreen 1680x1050 LED Backlit LCD Monitor Grade B', 'link': 'https://www.ebay.com/itm/401763956622?epid=1154543747&hash=item5d8aff778e:g:RwEAAOSw3kZjLJyX&amdata=enc%3AAQAHAAAA4NS690poe3otxWSQlL1s2ZSVYRmYrak3VvF1OuyCdX%2FytGKYVPH6Q6Ioh1%2BhSzDjlGrhjKG5P7vJThcC8PbfFmIFBqlLveiuPnbIUsQABeFmbKn9QtuzXa6TUkf8sgi9Re5waIkqH5dgq74PVbr5EIRlM0DOUQcegcC39MmmpaxxSkTkd%2FIfXCb7s77kQectjN%2Fg7bjGcl%2Ft7sCC5UKpfjZcKZpMLIztIfDwHalmOQndudllIsof0Pb3vtxrngYrV1YobF5Ay2afbvUFxivH7vCFk7pD05ANWC34jcDx3fV0%7Ctkp%3ABk9SR7Tmr8_wYA', 'price': '$59.99'}",Refurbished,False,4,$10 off $120+ with coupon,Buy It Now,"{'shipping': None, 'location': None}","{'count': None, 'time_left': None}"
24,"{'title': 'Dell E2216H E2216Hf 21.5"" Widescreen LCD Monitor 1920x1080 *Without Stand*', 'link': 'https://www.ebay.com/itm/394227690093?hash=item5bc9cd2a6d:g:l0cAAOSwRfNjFAzX&amdata=enc%3AAQAHAAAA4AGdFb7I4Xugoyu22Qgd6%2BS6hxsp1MnU5N6JCiI6zIquugjiuBKyc2R%2B1s8NsiBIZlQPzrzcENtahOnHB%2F3EWEssIA%2BheZh98VUPjDFgAnBgkXbAl4P9UtnvIxA3S0bRvDeJXciruQCSHa8oVm%2BXEAJRtEmO%2Bx3GRJJUT8MFcrCe8UYMgUdyGiIx55e5xCxFLyBWcLg%2B7UFHDEhTQDJhVRkoHyXdtwu5kO9kDXZzBdGOJsJwfNsEHvt8m6zj%2FkrIb6580KRz9Z8QItdHzmYNcAdKqNrJn%2Br5DicT9PEtEnLl%7Ctkp%3ABk9SR7Tmr8_wYA', 'price': '$42.09'}",Pre-Owned,False,,,Buy It Now,"{'shipping': None, 'location': None}","{'count': None, 'time_left': None}"
25,"{'title': 'Dell 22"" LCD Flat Screen Monitor for Desktop Computer PC FAST SHIPPING', 'link': 'https://www.ebay.com/itm/334454400090?hash=item4ddf09245a:g:R9QAAOSwixNfWo3R&amdata=enc%3AAQAHAAAA4CLZquqJbKFW4j9qvignOTgcycOlN7PxD5mFWFt2QIRS6MAL%2Ftzkrae6DTVBtR1q26PSKal9LLnAnPAm5cbLW7ufjlIqR1eNb4rjSrrBfyU1r6gxrn%2FkkaQTPyA7IbeNAqXr%2F%2FzqacPX9Q6tBGR6HN4toGr72aZsP0j%2BR7e%2BAgegc4vuunBdrWZaNsA2PYg%2Fr7dSu3Z6u2mU1nol1PFNjUPOigh5rRQMPP2R%2BaCuu3oGjgSQ%2BiSAXMhb1tXU7GUPk%2BI8qm4JrFxdBHQhC6CeJEhErwnkX5d%2FNnXg4Kyo%2BXdF%7Ctkp%3ABk9SR7Tmr8_wYA', 'price': '$9.99'}",Pre-Owned,False,,Save up to 6% when you buy more,Buy It Now,"{'shipping': '+$29.99 shipping', 'location': None}","{'count': None, 'time_left': None}"
26,"{'title': 'Dell U2722DE 27"" QHD USB-C HUB IPS LCD 60 Hz Monitor', 'link': 'https://www.ebay.com/itm/165680261666?epid=2318183376&hash=item2693502a22:g:M5sAAOSw0AFjJUvS&amdata=enc%3AAQAHAAAAoHqtkjh%2FV%2BRY66AdYZnoRaok6B%2FXGuqACoGe3tdLxYqzLVgTMycyh0jpxjHOjRRIVTyrJn2psyTMSvqD2Lmlz1oROtv5dyNMhYzaMfHR4GkvKk81acL0K7q1FBOyuSYRyyBWpkH317vZdcuQxAh%2FhztjVLWYZtEQlJfJwbCp%2BVi%2FF1IOEAPo5lZEhjC461QHUyKUnlOwqIgPzYzXqYf8bR0%3D%7Ctkp%3ABk9SR7Tmr8_wYA', 'price': '$359.98'}",Brand New,False,,,Buy It Now,"{'shipping': None, 'location': None}","{'count': None, 'time_left': None}"
27,"{'title': 'Dell UltraSharp 24-Inch Monitor U2419H', 'link': 'https://www.ebay.com/itm/155180051037?hash=item242173aa5d:g:EhkAAOSwuLBjMh4D&amdata=enc%3AAQAHAAAAoGTftk%2F66FrEyDzMmWCW5OvQWJpblY6znhuNF66IjwToXZa4iK6T7v7czEfy7cOt2hxSx6M2yp5MOcYIsJvHNWI9QkP2yTh1uuOr3WqPJx737aXldTcFgf0XWmfkFd7VuPRf%2BXMYtj2CwHryfO5oSjARovNbB%2BBm7VzEqNFtacEsYTwuJETthtrxeOMzjeNPv0V2xBWvpOIUj0OhIpO4XlY%3D%7Ctkp%3ABk9SR7Tmr8_wYA', 'price': '$52.00'}",Pre-Owned,False,,,,"{'shipping': '+$24.00 shipping', 'location': None}","{'count': '16 bids · ', 'time_left': '5d 5h left'}"
28,"{'title': 'DELL SE2722H 27 Inch Widescreen LED FULL HD IPS Monitor', 'link': 'https://www.ebay.com/itm/225065969952?hash=item3466fa2920:g:-9wAAOSwVOpiyGmo&amdata=enc%3AAQAHAAAA4LFEehG7wSTVgbJP%2BZsCbowp3SPu%2FqzTv%2FBVrNBDq2B%2BMWv%2Fh4P5d64trnCrXUdDKy1MwbGOeXfSybkJCClOxbIWIbVzEgHOvw%2BUumdzRv4277IPwAEu4nEt3dG05CS6tA%2F3cMoe5J3DZgAbvKisiIrw0%2Fqp36TpV%2BpwKiaI7YOWi8uFYUKE1KI1kLjSooHmpb1QYDh7IkvGK%2FULuCCJXBxUkpatrhqrPbnz0gYaxssvXYK5SJHFOm3VYnLHwKITRNiqge9FKUAGBvI05UmZyzvsvSsIyjlQTcbIJouvadZX%7Ctkp%3ABk9SR7Tmr8_wYA', 'price': '$125.00'}",Open Box,False,,,or Best Offer,"{'shipping': 'Free shipping', 'location': None}","{'count': None, 'time_left': None}"
29,"{'title': 'New ListingDell U2410 24"" Widescreen IPS LCD Computer Monitor HDMI-DVI-VGA DisplayPort', 'link': 'https://www.ebay.com/itm/175430428650?hash=item28d877e7ea:g:hIQAAOSwe-xjM3lO&amdata=enc%3AAQAHAAAAoHdjUHgKe8vgVZUugMP4sXZ1uUI90QAfLQ6l56AkCNaZYWuPwcwqbyeRThl%2B1tGf%2B7VnmIrd566hUVuG9%2FEObZOKHmG%2FjcNWHfkTwGvjX3OKYKFhcjUh5C1PI3swhmfQYnpHdl6tXtxQjw3ocMTM9CY%2B0kv5OXyq6Iv7gd4KNohMf1Uuq%2FvpGFHz8affYwkw1%2F8gLXcW5cfc4tHRSLLGrTc%3D%7Ctkp%3ABk9SR7Tmr8_wYA', 'price': '$79.99'}",Pre-Owned,False,,,Buy It Now,"{'shipping': '+$14.20 shipping', 'location': None}","{'count': None, 'time_left': None}"
30,"{'title': 'DELL S2721H 27 Inch Widescreen LED FULL HD IPS Monitor', 'link': 'https://www.ebay.com/itm/225064735045?hash=item3466e75145:g:QtYAAOSwr4hixzo6&amdata=enc%3AAQAHAAAAoI0k1O9%2F8sWFnlBU2kp97qh47r9THVLwwwpfZ%2FwwI%2BIvIhz1atxHEtXGmtejb4POqg1abQcPiuh4p9ScC7wZcTUGOJOyxcwOpCvVGbR12Qq9DhoNkSM6fYmPzH36jc%2Bq%2F0PrnOadl3bufmcioLJLEYy3IEGnDu2DvBxKK0j8w3yZAszc%2FK8J7%2FRbV%2FWVBFh1xy0O2LctPsWwuuB9P6UGdJM%3D%7Ctkp%3ABk9SR7Tmr8_wYA', 'price': '$145.00'}",Open Box,False,,Almost gone,or Best Offer,"{'shipping': 'Free shipping', 'location': None}","{'count': None, 'time_left': None}"
31,"{'title': 'Dell P2219H 21.5 in. Full HD 1920 X 1080 LED LCD IPS Monitor HDMI - DisplayPort', 'link': 'https://www.ebay.com/itm/225170240739?epid=16030518424&hash=item346d3134e3:g:XbwAAOSw7xBjKO5Q&amdata=enc%3AAQAHAAAA4BwQX989RbB8lV34UQiYHBVk%2FzfzFSR6IZQNXJi8Z9Yc7zkpHV0DqEvoTtV7hBAdxedFAR%2Fh5OpL68NQDnF%2F5Mo1z8K4xfq6%2FfZxb5HLo3u6wLybnIRugkhgmN%2BzCb6QNzJhK4s6NCd8wm1vBJbmLYgcnQ54v2kom%2F3qdmTS%2Fbw6kEBB3BnTQrxs40V%2B7mV1An0rZ4v5gCF%2B%2FBo9Cq67btDmB2E8WhKppEZv4CE3L1r0%2BKIJ0XmGNLKks%2BFyIgxPIcpNnNraWzD4Zf%2FquqTcJxCu3Uuz0II8Z62%2BS1HjGDc%2F%7Ctkp%3ABk9SR7Tmr8_wYA', 'price': '$94.99'}",Refurbished,False,43,,or Best Offer,"{'shipping': None, 'location': None}","{'count': None, 'time_left': None}"
32,"{'title': 'Dell P3421W Curved LCD IPS Computer Monitor 34"" Widescreen 3440 x 1440 *', 'link': 'https://www.ebay.com/itm/394253096131?epid=28042569130&hash=item5bcb50d4c3:g:EzYAAOSwMzdjK1Kn&amdata=enc%3AAQAHAAAAoEh%2FPRSSKRqVuPofyY4tqJwlALVWJWyyR1Z8faBDAyg7ZJcn0DAJsTrateYKMJ6vSz5uVi47gIcrJDmdQtsCRq1nmVeHbj3%2Bm011gSesGuS9%2FSiJM%2FislJvE7csFhfNJsPY43iR01yuB4p1EcdDlRyltVx6CI%2BZP0sbXyAss4fPdFJkvZYrEcmdNuEd2R9adCvHuOtqUbpbdYsParInpm%2F0%3D%7Ctkp%3ABk9SR7bmr8_wYA', 'price': '$177.50'}",Open Box,False,,,,"{'shipping': '+$36.50 shipping', 'location': None}","{'count': '31 bids · ', 'time_left': '1h 28m left'}"
33,"{'title': 'Dell 19"" LCD Monitor for Desktop Computer PC- Working Grade A - QUICK SHIPPING', 'link': 'https://www.ebay.com/itm/334386617677?hash=item4ddafedd4d:g:DfwAAOSwoCddu1nU&amdata=enc%3AAQAHAAAA4Iv7fPX2gweRgy8a000Lt20nhqNyD2mfO0cw4vDsmIMeXyVR%2FfEtGCbtHa2VfvubqD%2FHkKpWD8dEi9LoQbgy45oRZiXhJkNOVdUjXO3yTFxFPCtLibPHsZChd7Sz7XyGfzDb9U%2F%2BTfkYa8ocoTLaanXCJwh6O3Eczo2gIPdrIAgFWL92BACptH4wjc9Tn08RlmJR8JnLdAxwBoBkpm4OLpxVNsYNx21g5kNIzl%2BBqdCOPq54dKkJ9Ac4nBE29WXo7j2MImbC7OP1xgVjDq9dCMO7oY%2FVhBP%2FdntDJoTZZmae%7Ctkp%3ABFBMtuavz_Bg', 'price': '$4.00'}",Pre-Owned,False,,Save up to 6% when you buy more,Buy It Now,"{'shipping': '+$27.00 shipping', 'location': None}","{'count': None, 'time_left': None}"
34,"{'title': 'Dell UltraSharp 24"" Monitor Desktop Computer PC LCD (Grade B) - Lot(s) available', 'link': 'https://www.ebay.com/itm/284548041420?hash=item4240628acc:g:NJAAAOSwhe9dp5TG&amdata=enc%3AAQAHAAAA4LfqX3qbc46KFB3%2BuaXSxhE7floIV5SE4s89ugtk845cqZnouT25oy0J9JHtgZo28Wnze9uC2Hto47Gp4RqXz93p3e1LlKKY9%2FNd2ZH9ZaFpaMlpoCXaHvA2p86yQlnlWC%2FuyIRKKLvisok6tTtimDrCNVHj%2BvMEN7gePHQ7h%2B8wb%2B23Aqh%2FfemLpHu%2FJDXlGOL4Jd46Kktal6Q2Rj00t74zoWp3%2Fe%2FWmFlhhTQXIBJW%2B65sU9ZCwlSFU3QbcqQnlkM2PUNVvSJU2q%2F7RslhhTGRJ77p1aTGulBPlOgvyN4M%7Ctkp%3ABFBMtuavz_Bg', 'price': '$195.00'}",Refurbished,False,,Last one,or Best Offer,"{'shipping': None, 'location': None}","{'count': None, 'time_left': None}"
35,"{'title': 'New ListingDell 27"" Monitor FHD LCD LED IPS 1920 x 1080 60Hz E2720H 16:9', 'link': 'https://www.ebay.com/itm/255749131784?epid=15036761044&hash=item3b8bd60e08:g:xrYAAOSwx1Ri6Dhh&amdata=enc%3AAQAHAAAA4NdiY8sDcvMG5wvROMwisfjpbMpJCwJ%2FwWzSxOHlCM4pBe%2BIKl%2BgGVNiEbjMqp%2B36kiVYoph4AW%2FLxX0sAysKjDVntrduYWgINKiM8NoOCCCWqcszWtr9MsC7hcy311Ef6Hm56QYWzfKBO2QcVTilYLqwbWgTyWkFht%2F2XxDyOYYVgtWMuBLbbuXclH0HHLq35LDhklo8G4QKLTQBqA24IYnegt55yVtzWtXKSttlaO50d4UTJAdUJ3%2BHvt%2FHc%2FBjmE8MHW7YzBt%2FBWySbYYdROGQTiXh5CF2RI9l2IDl8I1%7Ctkp%3ABFBMtuavz_Bg', 'price': '$199.95'}",Open Box,False,2,,Buy It Now,"{'shipping': None, 'location': None}","{'count': None, 'time_left': None}"
36,"{'title': 'Dell P2419H 23.8"" Full HD 1920 x 1080 LED LCD IPS Monitor HDMI, DisplayPort, VGA', 'link': 'https://www.ebay.com/itm/255503478529?epid=17030521662&hash=item3b7d31af01:g:UGIAAOSwNwpiZGbr&amdata=enc%3AAQAHAAAA4IHyJuSSdGr%2F6LQhXutaRMEtRuUZQShW1GcGHuIUa%2BqE4oZEXe8bViqryyfGPgfpwZk3zHXDLHdlf8zniK6mNiAq%2Bu83pVy7saDHkfN9eCihEmZ7VTL%2BGhaAZvZy9kLV8LXZextOi5UQb88NBZ1L%2BuXXLbIv5fuG9pm7yTkX%2Fncd7bAfUnkepKpgKTMfsbaw7%2BFUhb5KvfVHdI07lXOtJCv%2Fe%2FBrjir2V9KSJpq63vHOEqZfVRjnaTO8rVhSYQLl1WGGmt%2FM7%2FHyj%2BlFZqouRF%2FcYvoZBcLynuJfQmd54dHE%7Ctkp%3ABFBMtuavz_Bg', 'price': '$149.99'}",Refurbished,False,15,$10 off $250+ with coupon,Buy It Now,"{'shipping': None, 'location': None}","{'count': None, 'time_left': None}"
37,"{'title': 'DELL U3014T 30"" LCD - No Stand - Grade A - Unit Only', 'link': 'https://www.ebay.com/itm/304300066724?hash=item46d9b287a4:g:NYQAAOSwtKhh3FgJ&amdata=enc%3AAQAHAAAAoFQ02uMXSnvX8Q0ptFvW4Otn7pl79SEcEDUuQzxSRaokH5e2cutldb8Cx3fXyoh7Glc1mQd7hWfrmgUMlGqPhM9QbxZYrnrliSpFrV2TRVQKUuRuxGd4tPGsdY3uzv2Dm84p3Xd%2FTpA97jm55QDj5MRnlK25mxUHyYe1pmDrbEXN79Ubkiocae0R4JDM7bJEYu1gP%2BLV2pv2OAmxBOH0D3o%3D%7Ctkp%3ABk9SR7bmr8_wYA', 'price': '$139.99'}",Pre-Owned,False,,,or Best Offer,"{'shipping': '+$35.00 shipping', 'location': None}","{'count': None, 'time_left': None}"
38,"{'title': 'New Listingdell p2317h', 'link': 'https://www.ebay.com/itm/354303236801?hash=item527e1e5ac1:g:IJcAAOSw0tJjNGbv&amdata=enc%3AAQAHAAAAoLq%2BsArOUqx9s%2F%2Bgkkezu%2FZzS2MkrRN%2FqWmxlA2gNaBM3OndPsxeoQyIVmDTKschxk%2FqHXlf0LeFac5CmfqDyho0KIDlvV3urIEwGNYIaE2taVWwhGjCemiPRZHkdSj%2BFm4kYl8Z3PYZi%2FLty0WQvOAMiP%2Fp9jlSmlPx%2Byo7rejxdgONV%2B2ZwiK%2FsEpRRHz4JoH9VzEjFJClDcX39jhvDMA%3D%7Ctkp%3ABk9SR7bmr8_wYA', 'price': '$99.00'}",Pre-Owned,False,,,or Best Offer,"{'shipping': '+$21.50 shipping', 'location': None}","{'count': None, 'time_left': None}"
39,"{'title': 'Dell U2422H IPS Computer Monitor 23.8"" 1920 x 1080 Full HD *', 'link': 'https://www.ebay.com/itm/334568158443?epid=9047472601&hash=item4de5d0f4eb:g:Ms4AAOSwokJjK2GZ&amdata=enc%3AAQAHAAAAoNrBtcLLJd4IE%2BcTuCd%2FjCHfcGhZOVcNEk5qE16rz58Imk4m9vlCpIkm%2FVVK4frNIQXk6tm%2Bcn3nQB6RqwSHN5IiWO8tnykQz%2BE58UL5Sb6oXFgOaJgKaiZ9X5r3JYjueInFDoTwr2AIyo6cO854TCz%2BO3EtkByjqDD1hYuwqpxSxGxsC5mJ%2FdSD7SQyRIKIu%2BLUzHxdXdY1TkIuSHB%2F5DE%3D%7Ctkp%3ABk9SR7bmr8_wYA', 'price': '$61.00'}",Open Box,False,1,,,"{'shipping': '+$19.49 shipping', 'location': None}","{'count': '16 bids · ', 'time_left': '2h 32m left'}"
40,"{'title': 'New ListingDell 22"" Monitor P2214HB', 'link': 'https://www.ebay.com/itm/354303245021?hash=item527e1e7add:g:WgcAAOSw-~djNGis&amdata=enc%3AAQAHAAAAoIDUwK9OgngsRi4Lmha8fTxEG%2B59IGS0JSWfoN21fjB9i2RQfyXyQuPpAFhJ4SLUQqhEQx0bSinxvuz17pz63bvawgRyDuBJAVyqdWxSqYAC1ccMzDyZONqiwQ7LCIaiCUiQy%2FgQ9%2Byj%2Bl9B5A0f4qfAyidCihVs3%2FOm8E0ShZXHe3fGnjpmuSPXQ0Iz6Z4yxfKuQiuu0bvdn7bCujIiRq0%3D%7Ctkp%3ABk9SR7bmr8_wYA', 'price': '$100.00'}",Pre-Owned,False,,,or Best Offer,"{'shipping': '+$16.10 shipping', 'location': None}","{'count': None, 'time_left': None}"
41,"{'title': 'Major Name Brand Refurbished LCD Monitors - Grade C', 'link': 'https://www.ebay.com/itm/234637601866?hash=item36a17dac4a:g:N7EAAOSwTYhi4J92&amdata=enc%3AAQAHAAAAoNbpmAJEDZpfkrra0g35u%2F6Mgt0nBhBbAqD%2Ffkje5UU8OU7V5K0EOlnrIaYTTQVgt8C75SgCFb%2FLA7%2FQEZ1nC3wxWSbZaTClkoEZNdsv9J6ZjfwEczLliuRiKIZ1Me52AC0zs2yFuxmzcHe3RvKV0noimWaokTo%2FhW2O8ZK2dpzxixs0quQ45RWKac0GFkrF%2FcD5LrLdKI88VGrHzy1pmM0%3D%7Ctkp%3ABk9SR7bmr8_wYA', 'price': '$29.99 to $39.99'}",Pre-Owned,False,,,Buy It Now,"{'shipping': 'Free shipping', 'location': None}","{'count': None, 'time_left': None}"
42,"{'title': 'Dell P2314Hc Monitor w/ Stand Speaker and Cables', 'link': 'https://www.ebay.com/itm/394018492449?hash=item5bbd551021:g:DC8AAOSwJ4ZjDk8H&amdata=enc%3AAQAHAAAAoLxsTIC%2FrZfR1jUMHKL4fDiLa3jMyLp1DkekKYq64W0FlBtTPM1mSaBdNZt0YEGMby7tRJZ4mfV6nwb1vLTPJAslD8h47mOmcWr7KA5T0Vm10bslxIcF7okjFu%2B8PD6MDAfKqGu8NmAPwAUuoxj2a204Kq6ZxX0uPzkwwbk%2BFQHRnh8hfWso98NuSra360Ht%2Fefbhm%2FcVJT1ezqq%2FUCDkqA%3D%7Ctkp%3ABk9SR7bmr8_wYA', 'price': '$49.99'}",Pre-Owned,False,,,or Best Offer,"{'shipping': None, 'location': None}","{'count': None, 'time_left': None}"
43,"{'title': 'Dell UltraSharp 24 inch LCD Monitor with Power cable and  VGA cable', 'link': 'https://www.ebay.com/itm/334093133053?hash=item4dc980a4fd:g:cvYAAOSwOIlb0NGY&amdata=enc%3AAQAHAAAA4HvwRI%2BS8FpOUqxnaBONWf%2Bf5iAMl4Dfgpdo8nEOyMDUizjoFmAC%2F1duc5H6C3lfMYvlGbsc68vDHWxJ0dzSVq0RRN0SiTjNIgAHsNrpcb%2BxdtJsHTdhGx7rH0XpZsCA5GvTFKbLx5TpvPDZidcPxgIYvY5knbAVDcbPHDwqzI1zcmD0y06NztCfTFe7RWZtncePN%2Bv%2FE6B2bJzxTl4UrOL0kioLqHWRsvMqETlrkmoCbKjTU%2FnHRN4L6ziKFBbNzI9LSHjYsfAJfTSVLiAVgEPDLdD5CgVOniklDZd9kVVT%7Ctkp%3ABFBMtuavz_Bg', 'price': '$99.99'}",Refurbished,False,,$10 off $250+ with coupon,Buy It Now,"{'shipping': None, 'location': None}","{'count': None, 'time_left': None}"
44,"{'title': 'Dell P2715QT 27"" IPS LED 4K UHD Monitor 3840 x 2160 HDMI Displayport W/Stand', 'link': 'https://www.ebay.com/itm/234557838322?epid=210494154&hash=item369cbc93f2:g:qUsAAOSwaLZigouZ&amdata=enc%3AAQAHAAAA4GYlItEGgdql%2FRMrVLkQjuQbKOj%2FJjdQmnFeReqEmgWeq3DHIqwVVTJCG7Ate%2FmmA%2FAXVP5fBzmUd7KTceAWju5XNetEOX8CWlr7aGL1wu%2BWjvSMTJyCqyNGLbLhyKOWJymB1bHQLm69lTSnM2tCpsTXdciwuNmR%2BXA0J0MGJIXSPO2mFmr%2B%2BLKCl7BR5mAtVaSi5up2PFHaZvLTySPBidN85BNRF%2FOTcLn2PioNHgKyYefYL2uv0YdjBEmHvanCxkvklOqmTddk%2FB%2FFRGVp2cHRJTU2ZekgTnbkDoN0uz6d%7Ctkp%3ABFBMtuavz_Bg', 'price': '$289.99'}",Refurbished,False,43,$10 off $250+ with coupon,Buy It Now,"{'shipping': None, 'location': None}","{'count': None, 'time_left': None}"
45,"{'title': 'Dell UltraSharp 19"" inch HDMI Desktop Computer PC LCD Monitor With cables Lot', 'link': 'https://www.ebay.com/itm/274831459230?hash=item3ffd3b439e:g:oKMAAOSwi8ZgxkjK&amdata=enc%3AAQAHAAAA4EdGqtLwdj8%2BNUs%2B2wHh3dsDlOJ3LsSSHZ%2BZimCZOVuAbOSakF7FhfPeXFvmIgpYwQII4tbnTudoi9YfWKg9RBzi02U1mePVxCLJT%2BV1wRWu3DE%2F8NgzQZVsQqpqxaEjVSrmlDOTfy2t7r5MwgDKL%2Bkw1kOmJEBpyZznzwIlrJIna92YtUf3QhJcIKhFTZiILO6FdQiXmVh3UO25%2FapT9epSNUvVUT%2BWqNGwKdLgL03%2FHReOmrqQWJBRKjGfuo%2FQ8JDLEEr3xysGu5%2Bg0xd4SDUhpiH%2BA4DxxefnGNIDbwzg%7Ctkp%3ABk9SR7bmr8_wYA', 'price': '$56.99'}",Refurbished,False,,,Buy It Now,"{'shipping': None, 'location': None}","{'count': None, 'time_left': None}"
46,"{'title': 'Dell 27 inch Monitor P2722H', 'link': 'https://www.ebay.com/itm/314153497231?hash=item492501f28f:g:oDwAAOSwuWZjKJhp&amdata=enc%3AAQAHAAAA4KXQwt8vT48Rhkl7yhp5rCDr%2BrkDBaEO7Vm6dB7sQ9QC6tmSv%2BeGEcTzhXBf8yEY2%2BZ4aEQV3v48azBMlY7Fx5R3GjOE%2Fv7TeFpcFe0ROxo5PpQr16SYLYVn21x9P39U9GeGJ6opiU4K6uAlIdiOdKbDBoYxNsB9Un2Yu8GA0Oeccw4MIG57ZjP10fZSUTNOtC2jYcx3xE0QntgZaaNfE0j6ozsOJJlngM5r3ZvlYPxn5QLf5RCtV0I1%2B7AB7Qltlvptx5n4TrRxf4br%2FhKi3%2F4C7ujETEQPnidkjODw3kK1%7Ctkp%3ABk9SR7bmr8_wYA', 'price': '$149.99'}",Pre-Owned,False,,,or Best Offer,"{'shipping': '+$29.99 shipping', 'location': None}","{'count': None, 'time_left': None}"
47,"{'title': 'Dell UltraSharp 19"" inch WIDE HDMI Desktop Computer PC LCD Monitor With cables ', 'link': 'https://www.ebay.com/itm/284449624926?hash=item423a84d35e:g:PpEAAOSw0PNhZH9A&amdata=enc%3AAQAHAAAA4DxTbYRzIoQuNGhI67ssiOr1b42IY8Iw1v%2BXmFj%2FIy93YtsVZ4A%2B5UGNNcFJe%2BWLrSQ4uV2onZsjFv679s1KJJJhB8bzkE2umiytuOHR%2BSAY%2FQmmdhANa81EsieZinHUofHYgrplooyvoMHmu4B9phFEiU8q7jobmEobFLk%2BJdkLRA71wPvJJNSD7ub2%2FPsI%2FlqjyQOmOCZpM7dP5KNnpnr9UT%2FD6iI%2F8Wsv68KpJMVbdnPAUPF2mz%2BHq%2BEQKvJiKySb7oaucqLuD6ksKCut1tdN7OYNQJRqP%2FEuAM4XAakw%7Ctkp%3ABk9SR7bmr8_wYA', 'price': '$56.99'}",Refurbished,False,,,Buy It Now,"{'shipping': None, 'location': None}","{'count': None, 'time_left': None}"
48,"{'title': 'New ListingDell 24 Monitor SE2419H LED FHD 1920 X 1080', 'link': 'https://www.ebay.com/itm/354303250355?epid=19034504429&hash=item527e1e8fb3:g:SKYAAOSwWr1jNGoZ&amdata=enc%3AAQAHAAAAoD4qCd2XH5%2BQdugcANY7dGrhOp3PEGsnK%2FxnJvckvTu%2FSlwFF%2Be%2B%2BJOzL%2BeMaVEapcUB%2BthzqvDRoVeiSQm5qkIYqizW0hghQSXJPhsEv6yQcAP%2FYYEiY3ACpfM5w3Tslv6RT4vbcyFgnntiT3Mnrnfbh2FlufO1G4MAYkoPQwq8RFWOo5EtnfrGBOrLiUIXQVOvTv09CoBkLXBF6Tve5yk%3D%7Ctkp%3ABk9SR7bmr8_wYA', 'price': '$100.00'}",Pre-Owned,False,14,,or Best Offer,"{'shipping': '+$47.65 shipping', 'location': None}","{'count': None, 'time_left': None}"
49,"{'title': 'Dell UltraSharp 22 inch LCD HDMI Monitor with Power cable and VGA cable Grade A+', 'link': 'https://www.ebay.com/itm/274984084293?hash=item4006542345:g:hicAAOSwrYVhZloJ&amdata=enc%3AAQAHAAAA4PBx4kNvQfDxzZrHm7L4GKY0OjKmi5xTupgd%2B2bohzQqKvxAuKVgv%2BOX6%2FqyzyusXXnn3otYxh0in2bsMe6zh7HNOU7BYHpj89Q7nvRlKWxyODvpRIU5%2F52GQ20X6k8owcRB7UbzGpypFtAmS2JvR8zIprcZlBZwse8THVKa7H6l0rC8rAd2dqGiUKoB3NtMZhDA6A5fN7Ip2DoRXb1Cfji%2FvCVQN96ZnBWcIbLkwc8yHs4QcTzsDC9IrfY6RG3rUIYCcrmKlk0ZvBWbPfChCb59wWcWukvLGtovTa8AqSUI%7Ctkp%3ABk9SR7bmr8_wYA', 'price': '$72.50'}",Refurbished,False,,,or Best Offer,"{'shipping': 'Free shipping', 'location': None}","{'count': None, 'time_left': None}"
50,"{'title': 'Dell S2716DG Gaming Monitor', 'link': 'https://www.ebay.com/itm/385135869423?epid=222467049&hash=item59abe2fdef:g:ETEAAOSws9RjMSgX&amdata=enc%3AAQAHAAAAoLSBWhTDJo5%2BYq%2B6qKEc41RHctG1eIujoQFxPMd86Sd7kkhb5dwO2X%2F25cUILb2JFlQbWUPFvVZWcQE2hYsWMQGzJUnWoL8uJpzHEZR6B0cdwUxN3zjmB73qntQP1tqDqSFQ871ZohoY0%2F1tDspPeL%2Fk%2FtFH0JzWOLQa8ZY0Y%2FG53Srje7Wd8cmCFs8eBdW7D%2F26zNpdf93reQISeiK%2BC6s%3D%7Ctkp%3ABk9SR7jmr8_wYA', 'price': '$91.00'}",Pre-Owned,False,39,,,"{'shipping': 'Free shipping', 'location': None}","{'count': '5 bids · ', 'time_left': '4d 11h left'}"
51,"{'title': 'Dell Ultrasharp U2718Q 27"" in. 4K LED Backlit IPS Monitor', 'link': 'https://www.ebay.com/itm/155159133057?epid=13032163543&hash=item2420347b81:g:KIEAAOSwGidjH2H3&amdata=enc%3AAQAHAAAAoEOe5zuIGekKhtqMgFC3l2zbdj3VI48S4NwfVzjXoohGg%2B%2FzIjFUyBO3eIi7IOtMdiQ0vkkYRHiuyFWecjjqHl%2B83k6GekeVGEwqmjj1fpGhb5B0re1RBijltOl9hlsmt5UTfWfwu4NsfmYaI0I%2B6MorEeIf5RnFhToo6SsD%2B9AanHptoplkr2HeP0%2BFmyhNkg7l6ExYWxeBYODB5zfPchY%3D%7Ctkp%3ABk9SR7jmr8_wYA', 'price': '$259.99'}",Pre-Owned,False,34,,or Best Offer,"{'shipping': '+$90.26 shipping', 'location': None}","{'count': None, 'time_left': None}"
52,"{'title': 'Dell U2412M 24"" Widescreen 1920x1200 LED Backlit LCD Computer Monitor Grade B', 'link': 'https://www.ebay.com/itm/202868023637?epid=1000607097&hash=item2f3be06155:g:IvgAAOSwrLBicWR9&amdata=enc%3AAQAHAAAA4K26TwD%2FhIa9ZxXCqxhKBmFT0vWwUYJG5pwMsAxMwK2Nq9wEKJf4t%2BSg4E1F8UGjIlzjUaZitmhQq3D1SINpUpbh1LFUQ9u6pwlCAts9%2FAlKqA96TAzP0dH9j4sEcr0EFZ7qKUF59cb3YMvBB%2F9CRp0jNKU51rnS2R3NDLwiyZppTu7OICxjuyABP02ECXBbcrh%2BqctHN7vlJ9lvJcBcZ9u6pChpWbHXV3sRnv8RQegMIUvlFIlP2QXVTDqBRylGcLu6fOPfgQ9OOAGk6TGvsZChFjnb4l%2BmsiC0xIm2LcVG%7Ctkp%3ABk9SR7jmr8_wYA', 'price': '$109.99'}",Refurbished,False,10,"Buy 2, get 1 20% off with coupon",Buy It Now,"{'shipping': None, 'location': None}","{'count': None, 'time_left': None}"
53,"{'title': '(Lot of 2) Dell Ultrasharp U2417H 23.8"" 1080p LCD Monitor - Black | C1185DS', 'link': 'https://www.ebay.com/itm/334547992160?hash=item4de49d3e60:g:AzoAAOSwjyNjD86j&amdata=enc%3AAQAHAAAAoPQLZpuumb4N81kkqMOnrZnUYJOAw%2FlGxGwOazJ4MlqTJEW2vbual9OT9h3u14Pjh0uYioCA2szujY621R%2B0H0kM4UV3gLXWdcg4hef2A%2BrQcVH%2BDAcBwXFx%2FvVPAeQyfdDUGw9Jv2OjGshiqmNiusZWhY6VBxGW3K0hC%2BwjCCbgsd9rxv73IigZlktvM7WNAI0BR%2By1X%2FoETLnI5uqTv9A%3D%7Ctkp%3ABk9SR7jmr8_wYA', 'price': '$189.99'}",Pre-Owned,False,,,or Best Offer,"{'shipping': '+$49.99 shipping', 'location': None}","{'count': None, 'time_left': None}"
54,"{'title': 'Dell P2418HT 24"" LED LCD Professional Full HD IPS Touchscreen Monitor - NO STAND', 'link': 'https://www.ebay.com/itm/284935336304?epid=9032156419&hash=item4257783170:g:fdoAAOSw63Bi~Qyb&amdata=enc%3AAQAHAAAA4HA630REROlpuyhzFBtQaCvD404xo425dO4G6Gu73Y1OgTQVo1L9qimaM4k%2BnELI%2BoQ8YTdD8VnMtQ9U70SA5KOf9MCdIvUP926kxnAaAXd8mZa2ypdRDo%2ByHeUR8IegzG%2BclrNffWMi3%2F9zX9L71SwT88ZgBNE1V6ECig6SW8v0j35QgbgYahMW0DBda1je7D6jkinE9yPdtLzm359tOyqig8WiGHvl1NevFe5jSPZa5EmZHpSYFuu6xpQjMUv6Chj8HdJNmnsmhv%2FpAOvI2ZGl6K%2Fjcv8J1qeMa9S%2BOZVJ%7Ctkp%3ABk9SR7jmr8_wYA', 'price': '$229.99'}",Refurbished,False,7,Save up to 15% when you buy more,or Best Offer,"{'shipping': 'Free shipping', 'location': None}","{'count': None, 'time_left': None}"
55,"{'title': 'New ListingLOT OF 2 Dell U2415B WUXGA 24"" (1920x1200) HDMI PORT IPS LED-Backlit Monitor', 'link': 'https://www.ebay.com/itm/363995193809?epid=6023069899&hash=item54bfcde1d1:g:H9QAAOSwq~JjMzkB&amdata=enc%3AAQAHAAAAoI5pY3v7UbGyzK3FMMjnsmMMQkQR0Anl6Wyvzs1y3tZim2yJtkKHhjfiVqMkJ5Mq8KytB6ziog63VtwJH3y20grkw4mq1ikMylFK1tGs0t0hztdqKkBFNz4r5UvR%2FABFFYNwGRWo%2F49jn4wt4bGKoIKFPnJ5u4UZoYb2FNzxz3pKJJdL1kXmhLrEtbtPjMyoOjHr9QPi4uHyNKUW9K1jkIQ%3D%7Ctkp%3ABk9SR7jmr8_wYA', 'price': '$199.99'}",Pre-Owned,False,59,,Buy It Now,"{'shipping': None, 'location': None}","{'count': None, 'time_left': None}"
56,"{'title': 'Dell U3219Q UltraSharp USB-C IPS Computer Monitor 31.5"" 3840 x 2160 4K UHD *', 'link': 'https://www.ebay.com/itm/394253099633?epid=26031753550&hash=item5bcb50e271:g:~u8AAOSwQutjK1MU&amdata=enc%3AAQAHAAAAoKzeiSA4XlfiaLpEq5Og5VIvmZNZlL4suFSVx36gMkAelp7HwsLdXmGcakebRTBec%2BVoNj4fLJnulkTOHTNtX5mpVF91uIPAlHYsyQtXhSasSjGRR9KpfizpsksLaVYk6DOwyywec4jUNnQGCp7FDEvaVAQrqoqpeE%2F9OlGKaOO5R6xSoETC6%2FT5Y6Ah9cmBAkXRhn%2B92fENK5sBw%2FwJ2no%3D%7Ctkp%3ABk9SR7jmr8_wYA', 'price': '$267.00'}",Open Box,False,9,,,"{'shipping': '+$40.69 shipping', 'location': None}","{'count': '52 bids · ', 'time_left': '1h 30m left'}"
57,"{'title': 'Dell D2721H LED Backlit Computer Monitor 27"" 1920 x 1080 *', 'link': 'https://www.ebay.com/itm/334568157948?epid=22042183466&hash=item4de5d0f2fc:g:3DMAAOSwafdjK2Fq&amdata=enc%3AAQAHAAAAoMnYYd4EoJLjAy2Y1%2B6ACKqzWd%2BqawDOXkQxmx%2BAR80c7CSvCCrstnqWeorZzNHvSWIdqoAiHqwNbRslhMs7Ky9wFlopjWwa5fPm%2Bm7UnqnalpOxOd%2FkK%2B%2Fq5l9W2PaAXs2gT0zElHtGBSNplaGInqPe2EevG1cBCvkOZVaUdPGCHvWcxEHl1e6vcpmH7q7dNBO4ZqHo%2F2dDdcWhpsoyfhE%3D%7Ctkp%3ABk9SR7jmr8_wYA', 'price': '$43.00'}",Open Box,False,7,,,"{'shipping': '+$19.49 shipping', 'location': None}","{'count': '14 bids · ', 'time_left': '2h 31m left'}"
58,"{'title': 'Dell P2219H 21.5 in. Full HD 1920 X 1080 LED LCD IPS Monitor', 'link': 'https://www.ebay.com/itm/374267030102?epid=16030518424&hash=item57240daa56:g:fAkAAOSwglNjJOnc&amdata=enc%3AAQAHAAAAoM%2FTSwcwEvP1f1EJNtNJjFopTMxHvyj%2FzwWo3PsQXqTu%2Bjfz88k4nUdalWKQKuB0r8hEP%2F6i7FejqMwTYEDoYQAAm3cRyLuYbhKJYODfwU5VfuVqzBp7sAnR%2FH0IbcH2QyRuxwU99R3BK68N%2BpevvPgJW0jcHQJTEwz%2FLpF4UMcOO3G%2FCzzzG%2BAmN4%2BFbWehsLTAhKFiYDZLaOTYyY3K0mE%3D%7Ctkp%3ABk9SR7jmr8_wYA', 'price': '$100.00'}",Brand New,False,43,,,"{'shipping': '+$68.15 shipping', 'location': None}","{'count': '0 bids · ', 'time_left': '17m left'}"
59,"{'title': 'Dell U2719D UltraSharp IPS LED Computer Monitor 27"" 2560 x 1440 *', 'link': 'https://www.ebay.com/itm/394256380154?epid=5030528173&hash=item5bcb82f0fa:g:cmYAAOSwXZxjLi3k&amdata=enc%3AAQAHAAAAoDpR9BaduwnJrX0Rk7%2B%2B7CY3g3AL5Gu%2BtxGtF5rj4mav4yODumfEi38Alh6zwizUnIZIo%2BOp1w5FV5f9YDZgxjpudjDvD4X5z8N0ekeIhfagPbEwKtCemvQVwDRG6qFesM%2B9BRHx5ck1SxSdVqEGLnCfCo1paUS0h0nG9HbUHv137j37y4O1q35%2FkBSUHoa0KHnUpwbwoxtVjhEBK1g8%2F2U%3D%7Ctkp%3ABk9SR7jmr8_wYA', 'price': '$65.00'}",Brand New,False,11,,,"{'shipping': '+$21.16 shipping', 'location': None}","{'count': '14 bids · ', 'time_left': '2d 5h left'}"
60,"{'title': 'Lot of 2 LCD 19 in Dell Monitor Black P190ST - We Ship', 'link': 'https://www.ebay.com/itm/275439465675?hash=item402178b4cb:g:7cwAAOSwt8JjDO3R&amdata=enc%3AAQAHAAAA4LO%2BOLymD0%2Fc%2BbBbx5vDWiuwmNRUl7hlL2OrLZNZZMGHV0S4SAOXCarkTPMDOvQbLPjXfRi9aL5ADvQvfowebuZp2cLr%2FQQNKsYS170VSo4EQ72cRhVoYZcVZsXNdU4trVj3riB%2Bl8GW9ftAxkrGhgtUPhh5Q%2B300mY6Cp7V1MXneLqLbCkRD%2BsOUQbdX6fxxYVpZxpUd%2F8Uve9QHWdwQpaiWpOmwG4NSIalikmeY2lKpancJeRn0ho28wGnl2rwx0FJcR04uQR3IGsNahe1HP2UcbHOcmhdiR81ajXHHoi%2B%7Ctkp%3ABk9SR7jmr8_wYA', 'price': '$55.00'}",Refurbished,False,,Last one,or Best Offer,"{'shipping': None, 'location': None}","{'count': None, 'time_left': None}"
61,"{'title': 'New ListingDell 22"" Monitor P2219H 21.5 in. Full HD 1920 X 1080 LED LCD IPS', 'link': 'https://www.ebay.com/itm/255749131737?epid=16030518424&hash=item3b8bd60dd9:g:KD0AAOSw0kBcgOeP&amdata=enc%3AAQAHAAAAoNlcwAm%2Bo6Pl3zaJKcvWLZc2IHMG1VK%2Fdjdizeu2fbqutTIWn2%2F3HGEumJTBSkDxSyFO1tt32hFyLO8N2b6Hh%2FwDVRR62hMUlDL0N4YSMI7myT52F2jRCuFs3t2Wm%2FHULKkb1GDhQjjx5uMbASNXXtsSh2Kh3GbXw3Y1tR4a53Syj0ZNZILwvPze6cPXxadSmNR5nJ16XSXfOXpk41OXm%2Fc%3D%7Ctkp%3ABk9SR7jmr8_wYA', 'price': '$159.95'}",Open Box,False,43,,Buy It Now,"{'shipping': None, 'location': None}","{'count': None, 'time_left': None}"
62,"{'title': 'Dell - P2219H 22"" IPS LED FHD Monitor - Black', 'link': 'https://www.ebay.com/itm/314046604735?epid=16030518424&hash=item491ea2e5bf:g:rOEAAOSw19FitHYT&amdata=enc%3AAQAHAAAAoErgHtGD%2BtX3UhomEtQJeo3%2FqUeVMII1W438J177g5KPwnT9ScE4gUJ6gsdQ0hdKwW%2B10b6pJjPAgpp3fw%2B2ieFSU6WUoq80O%2B0MOBP%2BXyNO7Qrl4011No1NXj7eajBiryGhWVkNFfVG3Hun818P5EtWG1I419je1kXVFtc3tDxt7NpKR36htQ3PFTt8CShQ7tUA6zOQZpn2fNWdqLOJ2xc%3D%7Ctkp%3ABk9SR7jmr8_wYA', 'price': '$89.00'}",Open Box,False,43,Last one,or Best Offer,"{'shipping': 'Free shipping', 'location': None}","{'count': None, 'time_left': None}"
63,"{'title': 'Grade B Dell UltraSharp U3417W Curved 34"" LED LCD 3440 x 1440 Monitor 60Hz', 'link': 'https://www.ebay.com/itm/255650519107?epid=17019367454&hash=item3b85f55843:g:gv8AAOSwZEhioOEu&amdata=enc%3AAQAHAAAA4C%2BYDT1AGs4WaqHHU4kdaq5jSiJq%2F1Ab%2F0qhkxgtQ8A0fIkvyPgyPawqPr8b1sj15wcQuXesAuDR6JjClLMyOhRj%2FM%2F48kA1RtS8dnRyBWPZgSW0ZZ33lgqs2YRdDPUbqwWvl5hdZaA2df6CabtO4%2Fh5fsGYi%2B4IgXGKhqop70BGHpXWhZwu%2BVXvQjMj7YW3CEC2iIRuJP4ZxlI47Y0OmKJzXeSRfMaNR4GVaAp0giI5IZfDJF9%2FbGM0F8TjJgcVRuywi44%2FgGaIq7zyu8j%2BLFR6LrhtUK5z9RDl3e30aTpP%7Ctkp%3ABFBMuOavz_Bg', 'price': '$299.99'}",Refurbished,False,11,$10 off $250+ with coupon,Buy It Now,"{'shipping': None, 'location': None}","{'count': None, 'time_left': None}"
64,"{'title': 'Dell E1912 19"" Widescreen LCD Monitor w Cables VGA 1366 X 768 Tested', 'link': 'https://www.ebay.com/itm/175351581095?hash=item28d3c4c9a7:g:K58AAOSwh7xi0E1E&amdata=enc%3AAQAHAAAA4H7ssTIB42ZEjBM6peeeiUVP2f1YldUaia1iopTHiC8hyzLykWF0PTqlIkKN7Kbo79b4rDoV2VbDBQpY6Wa%2BDSiRUSOlbJuQKKieX9AtxSizSKkm3UTMJkyzac2p1LhzO8bwelleCOg4Mza54wWRBuVK4JG%2F0RJA7cdWciym3WEsWa4c1Wd4r3292oCXu1rAU5Tto8%2BHn73MfsKKszF6Cz%2B4vKPYjJ4Sr7FqBjASZtZmvJW8RH1FRYz7%2B96jyWyQAKEoGjFl8SPEZdKYE8bxYa6i139loEa%2BAvdfsXZg%2FQ3l%7Ctkp%3ABFBMuOavz_Bg', 'price': '$32.99'}",Pre-Owned,False,,,Buy It Now,"{'shipping': '+$12.80 shipping', 'location': None}","{'count': None, 'time_left': None}"
